,state,participation_act_2017,english_act_2017,math_act_2017,reading_act_2017,science_act_2017,composite_act_2017,participation_sat_2017,ebrw_sat_2017,math_sat_2017,total_sat_2017
1,Alabama,100.0,18.9,18.4,19.7,19.4,19.2,5.0,593,572,1165
2,Alaska,65.0,18.7,19.8,20.4,19.9,19.8,38.0,547,533,1080
3,Arizona,62.0,18.6,19.8,20.1,19.8,19.7,30.0,563,553,1116
4,Arkansas,100.0,18.9,19.0,19.7,19.5,19.4,3.0,614,594,1208
5,California,31.0,22.5,22.7,23.1,22.2,22.8,53.0,531,524,1055
6,Colorado,100.0,20.1,20.3,21.2,20.9,20.8,11.0,606,595,1201
7,Connecticut,31.0,25.5,24.6,25.6,24.6,25.2,100.0,530,512,1041
8,Delaware,18.0,24.1,23.4,24.8,23.6,24.1,100.0,503,492,996
9,District of Columbia,32.0,24.4,23.5,24.9,23.5,24.2,100.0,482,468,950
10,Florida,73.0,19.0,19.4,21.0,19.4,19.8,83.0,520,497,1017
11,Georgia,55.0,21.0,20.9,22.0,21.3,21.4,61.0,535,515,1050
12,Hawaii,90.0,17.8,19.2,19.2,19.3,19.0,55.0,544,541,1085
13,Idaho,38.0,21.9,21.8,23.0,22.1,22.3,93.0,513,493,1005
14,Illinois,93.0,21.0,21.2,21.6,21.3,21.4,9.0,559,556,1115
15,Indiana,35.0,22.0,22.4,23.2,22.3,22.6,63.0,542,532,1074
16,Iowa,67.0,21.2,21.3,22.6,22.1,21.9,2.0,641,635,1275
17,Kansas,73.0,21.1,21.3,22.3,21.7,21.7,4.0,632,628,1260
18,Kentucky,100.0,19.6,19.4,20.5,20.1,20.0,4.0,631,616,1247
19,Louisiana,100.0,19.4,18.8,19.8,19.6,19.5,4.0,611,586,1198
20,Maine,8.0,24.2,24.0,24.8,23.7,24.3,95.0,513,499,1012
21,Maryland,28.0,23.3,23.1,24.2,23.800000000000015,23.6,69.0,536,524,1060
22,Massachusetts,29.0,25.4,25.3,25.9,24.7,25.4,76.0,555,551,1107
23,Michigan,29.0,24.1,23.7,24.5,23.8,24.1,100.0,509,495,1005
24,Minnesota,100.0,20.4,21.5,21.8,21.6,21.5,3.0,644,651,1295
25,Mississippi,100.0,18.2,18.1,18.8,18.8,18.6,2.0,634,607,1242
26,Missouri,100.0,19.8,19.9,20.8,20.5,20.4,3.0,640,631,1271
27,Montana,100.0,19.0,20.2,21.0,20.5,20.3,10.0,605,591,1196
28,Nebraska,84.0,20.9,20.9,21.9,21.5,21.4,3.0,629,625,1253
29,Nevada,100.0,16.3,18.0,18.1,18.2,17.8,26.0,563,553,1116
30,New Hampshire,18.0,25.4,25.1,26.0,24.9,25.5,96.0,532,520,1052
31,New Jersey,34.0,23.8,23.8,24.1,23.2,23.9,70.0,530,526,1056
32,New Mexico,66.0,18.6,19.4,20.4,20.0,19.7,11.0,577,561,1138
33,New York,31.0,23.8,24.0,24.6,23.9,24.2,67.0,528,523,1052
34,North Carolina,100.0,17.8,19.3,19.6,19.3,19.1,49.0,546,535,1081
35,North Dakota,98.0,19.0,20.4,20.5,20.6,20.3,2.0,635,621,1256
36,Ohio,75.0,21.2,21.6,22.5,22.0,22.0,12.0,578,570,1149
37,Oklahoma,100.0,18.5,18.8,20.1,19.6,19.4,7.0,530,517,1047
38,Oregon,40.0,21.2,21.5,22.4,21.7,21.8,43.0,560,548,1108
39,Pennsylvania,23.0,23.4,23.4,24.2,23.3,23.7,65.0,540,531,1071
40,Rhode Island,21.0,24.0,23.3,24.7,23.4,24.0,71.0,539,524,1062
41,South Carolina,100.0,17.5,18.6,19.1,18.9,18.7,50.0,543,521,1064
42,South Dakota,80.0,20.7,21.5,22.3,22.0,21.8,3.0,612,603,1216
43,Tennessee,100.0,19.5,19.2,20.1,19.9,19.8,5.0,623,604,1228
44,Texas,45.0,19.5,20.7,21.1,20.9,20.7,62.0,513,507,1020
45,Utah,100.0,19.5,19.9,20.8,20.6,20.3,3.0,624,614,1238
46,Vermont,29.0,23.3,23.1,24.4,23.2,23.6,60.0,562,551,1114
47,Virginia,29.0,23.5,23.3,24.6,23.5,23.8,65.0,561,541,1102
48,Washington,29.0,20.9,21.9,22.1,22.0,21.9,64.0,541,534,1075
49,West Virginia,69.0,20.0,19.4,21.2,20.5,20.4,14.0,558,528,1086
50,Wisconsin,100.0,19.7,20.4,20.6,20.9,20.5,3.0,642,649,1291
51,Wyoming,100.0,19.4,19.8,20.8,20.6,20.2,3.0,626,604,1230
